"employee_id";"first_name";"last_name";"department";"salary"
1;"John";"Doe";"HR";11111.0
2;"Jane";"Smith";"IT";11111.0
3;"Alice";"Johnson";"Finance";55000.0
4;"Bob";"Williams";"IT";62000.0
101;"John";"Doe";"HR";50000.0
102;"Jane";"Smith";"IT";60000.0
103;"Alice";"Johnson";"Finance";55000.0
104;"Bob";"Williams";"IT";62000.0
105;"Emily";"Akki";"HR";48000.0
101;"John";"Doe";"HR";11111.0
102;"Jane";"Smith";"IT";11111.0
103;"Alice";"Johnson";"Finance";55000.0
104;"Bob";"Williams";"IT";62000.0
201;"John";"Doe";"HR";50000.0
202;"Jane";"Smith";"IT";60000.0
203;"Alice";"Johnson";"Finance";55000.0
204;"Bob";"Williams";"IT";62000.0
205;"Emily";"Akki";"HR";48000.0
